ich,0.0
er,0.0
sie,-0.016715404177014004
sein,-0.0007512959989095513
es,0.0
ihr,0.010892460843155316
du,0.04476893521496328
wir,0.014750107556195435
mein,0.17480544042664659
dein,0.409269427204689
unser,0.025632984183914742
euer,0.084500300305417
seinige,-0.018063583815028903
ihrige,-0.007947976878612716
meinig,-0.01878612716763006
